Policy,Amount,IssueDate,ClaimType,ServiceType,DateOfIncident,CauseOfLoss,Reason,Dept,PDocument,Name,CustomerType,Gender,CustomerDob,Contact,Education,Occupation,Income,CAddress,Pincode,Comment,CPhoto,BeneficiaryName,Relation,BeneficiaryDob,BeneficiaryIncome,BeneficiaryContact,BAddress,BPincode, BPhoto
P001,10000,12-10-2023,HEALTH,DISCREET,16-10-2023,Lost in fire,DBD,loans,,Ajeet Kumar,HNI,MALE,22-09-1990, 9896487281, GRADUATE, ENGINEER, UPPER_INCOME, 100 GOOD STREET, 3131 , good guy,, Suresh Kumar, father , 22-12-1999,MEDIUUM_INCOME, 9090909090 , 23 Blackburn Road, 3130,
P002,20000,13-10-2023,DEATH,COMP,19-10-2023,Lost in fire,DBD,loans,,Amit Kumar,HNI,MALE,22-09-1990, 9896487281, GRADUATE, ENGINEER, UPPER_INCOME, 99 GOOD STREET, 3000 , bad guy,, Amex Kumar, brother , 22-12-1999,MEDIUUM_INCOME, 9090909090 , 99 Vermont Street, 3133,
P003,30000,10-10-2023,HEALTH,DOC,10-10-2023,Diabetes,DBD,loans,,Sunit Kumar,HNI,MALE,22-09-1990, 9896487281, GRADUATE, ENGINEER, UPPER_INCOME, 11 NICE ROAD, 3150 , NICE person,, Visa Kumar, brother , 22-12-1999,MEDIUUM_INCOME, 9090909090 , 33 Springvale Street, 3152,
P004,40000,11-10-2023,DEATH,NON-COMP,14-10-2023,Road accident,DBD,loans,,Namit Kumar,HNI,MALE,22-09-1990, 9896487281, GRADUATE, ENGINEER, UPPER_INCOME, 22 PLAIN STREET, 3000 , humble guy,, Rupay Kumar, brother , 22-12-1999,MEDIUUM_INCOME, 9090909090 , 66 George Road, 3011,
P005,50000,15-10-2023,HEALTH,DISCREET,18-10-2023,Mental disorder,DBD,loans,,Ramit Kumar,HNI,MALE,22-09-1990, 9896487281, GRADUATE, ENGINEER, UPPER_INCOME, 44 CLEAN STREET, 3003 , aggresive man,, Upen Kumar, brother , 22-12-1999,MEDIUUM_INCOME, 9090909090 , 57 Forest Street, 3004,
P006,60000,21-10-2023,DEATH,DOC,22-10-2023,Mursered,DBD,loans,,Lavit Kumar,HNI,MALE,22-09-1990, 9896487281, GRADUATE, ENGINEER, UPPER_INCOME, 99 UPPER AVENUE, 3012 , better guy,, Money Kumar, brother , 22-12-1999,MEDIUUM_INCOME, 9090909090 , 92 Husband Street, 3150,